,MSE_TranScouter,DC_TranScouter,MSE_Ctrl,MSE_PertAvg,DC_PertAvg,n_up,n_down,split,condition
a549+IFNG_PPARG,0.53640383,0.8,0.71938217,1.047198141956198,0.6,0,25,0,a549+IFNG
a549+IFNG_PTGES3,0.253004,0.88,0.4927611,0.5161413020914161,0.72,0,25,0,a549+IFNG
a549+IFNG_ZFP36,0.35140193,0.6666666666666666,0.3333232,0.5239660884340344,0.6666666666666666,0,3,0,a549+IFNG
bxpc3+TGFB_MAPK14,0.90835786,0.5,0.90143937,0.3193408525986958,0.75,2,2,0,bxpc3+TGFB
bxpc3+TGFB_MED15,0.29837772,0.64,0.33541295,0.3634820867319189,0.68,0,25,0,bxpc3+TGFB
bxpc3+TGFB_RUNX3,0.38501102,0.5,0.6020518,2.0407671273478853,0.0,0,2,0,bxpc3+TGFB
hap1+INS_MTOR,0.10461506,0.8,0.13492924,1.0948150707120614,0.4,0,25,0,hap1+INS
hap1+INS_POLR2L,0.048712645,0.96,0.19554521,1.3675524230564111,0.48,0,25,0,hap1+INS
hap1+INS_TSC2,0.6325706,0.3333333333333333,0.2881326,0.5420303330309523,0.3333333333333333,4,5,0,hap1+INS
hap1+INS_ZNF593,0.0016227652,1.0,0.017650917,0.13622796068075818,0.5714285714285714,0,7,0,hap1+INS
hap1+TGFB_KRAS,0.0047153044,1.0,0.20463903,0.10610509231308489,0.5,0,2,0,hap1+TGFB
hap1+TGFB_MED15,0.027005343,0.92,0.21014658,0.8580150580460965,0.6,0,25,0,hap1+TGFB
hap1+TGFB_RUNX3,0.2911257,1.0,0.8026582,0.08508943021415574,1.0,0,1,0,hap1+TGFB
k562+TNFA_CSF1,0.03135902,0.84,0.030512087,0.44704601705316144,0.68,0,25,0,k562+TNFA
k562+TNFA_IKBKG,0.052330445,0.88,0.09416214,0.48665383527412986,0.68,0,25,0,k562+TNFA
k562+TNFA_MAPK14,0.06609361,0.64,0.071526974,0.4133031454593422,0.64,0,25,0,k562+TNFA
k562+TNFA_MTOR,0.24926473,0.4,0.21747085,1.9156662689450803,0.36,0,25,0,k562+TNFA
k562+TNFA_TRAF1,0.037693046,0.68,0.06292796,1.2111592683954706,0.36,0,25,0,k562+TNFA
k562+TNFA_TRAF2,0.10629089,0.64,0.12955266,0.9474183236868113,0.6,1,24,0,k562+TNFA
mcf7+INS_MTOR,0.0794031,0.75,0.1749382,0.3136735075590504,0.625,0,8,0,mcf7+INS
mcf7+INS_POLR2L,0.17549168,0.96,0.48177573,1.5805332917562331,0.44,0,25,0,mcf7+INS
mcf7+INS_TSC2,0.040420033,0.7142857142857143,0.16499673,0.25201526220288095,0.5714285714285714,0,7,0,mcf7+INS
mcf7+INS_ZNF593,0.011068557,1.0,0.44318146,0.1915765613298579,0.5,0,2,0,mcf7+INS
a549+INS_COPS4,0.29969352,0.88,0.27353618,0.6761266007011436,0.56,0,25,1,a549+INS
a549+INS_DR1,0.1979994,0.8,0.28903767,0.9111525838215959,0.64,1,24,1,a549+INS
a549+INS_FOXM1,0.07282297,1.0,0.19776598,1.053573000347788,0.5,0,2,1,a549+INS
a549+INS_PIK3CA,0.014409301,1.0,0.19888328,0.46754225012231654,0.6666666666666666,0,3,1,a549+INS
a549+INS_POLR2L,0.14333597,0.96,0.13794257,0.5988936577608058,0.64,0,25,1,a549+INS
a549+TNFA_BIRC3,0.64448863,1.0,0.9984473,1.1934965545734233,1.0,0,2,1,a549+TNFA
a549+TNFA_PIK3CA,0.031024933,0.92,0.091987915,0.4045818522365209,0.64,0,25,1,a549+TNFA
ht29+TGFB_RBX1,0.053583015,0.84,0.10290017,0.9769129837898562,0.52,0,25,1,ht29+TGFB
ht29+TGFB_TGFBR3,0.045700528,0.8,0.14591406,0.5535565580091049,0.7,0,10,1,ht29+TGFB
k562+TNFA_BIRC3,0.047994558,1.0,0.47869602,0.014981044309881286,1.0,0,4,1,k562+TNFA
k562+TNFA_PIK3CA,0.12125392,0.5,0.04530285,0.5559553132104584,0.5,0,2,1,k562+TNFA
mcf7+IFNB_ADAR,0.026423026,0.96,0.11391077,0.7021424977573645,0.4,1,24,1,mcf7+IFNB
mcf7+IFNB_ETS1,0.022583487,0.9166666666666666,0.06346752,0.6773509164300937,0.6666666666666666,0,12,1,mcf7+IFNB
mcf7+IFNB_IFNAR1,0.22540507,0.6,0.26150268,1.0401563088344974,0.36,6,19,1,mcf7+IFNB
mcf7+IFNB_RNF114,0.007567177,0.9230769230769231,0.02964277,0.8046923451322562,0.23076923076923078,0,13,1,mcf7+IFNB
mcf7+IFNB_STAT2,0.27529746,0.84,0.81555235,0.4250382400638781,0.92,0,25,1,mcf7+IFNB
mcf7+INS_COPS4,0.06368795,0.7222222222222222,0.112482905,0.10745942285387197,0.7777777777777778,0,18,1,mcf7+INS
mcf7+INS_DR1,0.53287554,0.76,0.5093184,0.9968297733520244,0.76,2,23,1,mcf7+INS
mcf7+INS_FOXM1,0.09499181,0.76,0.209761,0.5350466982216314,0.52,0,25,1,mcf7+INS
mcf7+INS_IRS2,0.059086714,1.0,0.2770856,0.4777524480653265,0.6666666666666666,0,3,1,mcf7+INS
mcf7+INS_PIK3CA,0.12973738,0.8,0.1771002,0.10918179998519109,0.6,0,5,1,mcf7+INS
mcf7+INS_POLR2L,0.18704773,0.92,0.48177573,1.5805332917562331,0.44,0,25,1,mcf7+INS
mcf7+INS_SGK1,0.1424361,0.5333333333333333,0.23008262,0.15358659837145325,0.7333333333333333,0,15,1,mcf7+INS
mcf7+INS_TSC2,0.03579585,0.7142857142857143,0.16499673,0.25201526220288095,0.5714285714285714,0,7,1,mcf7+INS
a549+IFNG_IFI16,1.1407646,0.8,1.3901756,0.964333095793138,0.76,0,25,2,a549+IFNG
a549+IFNG_IRF7,0.007706712,1.0,0.40131497,0.09547901155240031,1.0,0,1,2,a549+IFNG
a549+IFNG_SP110,0.3059788,0.8,0.32467028,0.548541663831957,0.72,0,25,2,a549+IFNG
a549+IFNG_ZNFX1,2.0497646,0.5,1.448719,0.012708896709220437,1.0,0,2,2,a549+IFNG
hap1+IFNG_FMNL2,0.12928973,1.0,1.0653362,3.664333831905054,0.5,0,2,2,hap1+IFNG
hap1+IFNG_IFI16,0.92014205,0.56,1.1920321,1.7719887243245274,0.64,0,25,2,hap1+IFNG
hap1+IFNG_SP110,0.39129585,0.76,0.49997905,1.7919734279455581,0.56,0,25,2,hap1+IFNG
hap1+IFNG_ZNFX1,0.5196206,1.0,1.4378631,2.9943929716213367,0.75,0,4,2,hap1+IFNG
mcf7+IFNG_FMNL2,0.28249025,0.0,0.17024457,0.5144050001398042,0.0,0,2,2,mcf7+IFNG
mcf7+IFNG_IFI16,0.13815153,0.88,0.2810585,0.7248530126928062,0.6,0,25,2,mcf7+IFNG
mcf7+IFNG_MAFB,0.027277248,1.0,0.078185305,2.575517777214557,0.5,0,4,2,mcf7+IFNG
mcf7+IFNG_SP110,0.07397311,0.8333333333333334,0.14986917,0.5507243090913184,0.5,0,6,2,mcf7+IFNG
mcf7+IFNG_ZNFX1,0.4204836,0.6666666666666666,0.38234186,0.16109223551045726,0.6666666666666666,0,3,2,mcf7+IFNG
mcf7+INS_SREBF2,0.0007330229,1.0,0.31759277,0.3666012560544462,0.0,0,1,2,mcf7+INS
mcf7+TNFA_BIRC3,0.01909928,1.0,0.34060845,1.3420180243353128,0.2,0,25,2,mcf7+TNFA
mcf7+TNFA_CASP8,0.17128386,0.76,0.23504075,0.5758700091070533,0.32,0,25,2,mcf7+TNFA
mcf7+TNFA_CREB1,0.024776312,1.0,0.32201836,1.2570934263234634,0.16,0,25,2,mcf7+TNFA
mcf7+TNFA_ZFP36L1,0.015458621,0.96,0.1627606,0.761712853450599,0.0,0,25,2,mcf7+TNFA
a549+TNFA_RELB,0.0056059035,1.0,0.09494145,0.937554058281691,0.5,0,2,3,a549+TNFA
bxpc3+INS_ELK1,0.003045814,0.875,0.25373453,0.0942275660755067,0.75,2,6,3,bxpc3+INS
bxpc3+INS_GRB2,0.15165326,0.6,0.26641896,0.1284960806841501,0.8,4,21,3,bxpc3+INS
bxpc3+INS_HSF1,0.0071595544,0.8888888888888888,0.22865507,0.09487801292630799,0.8888888888888888,2,7,3,bxpc3+INS
bxpc3+INS_POLR2G,0.07920328,0.88,0.3824496,0.2225174937011207,0.64,0,25,3,bxpc3+INS
bxpc3+INS_SHC1,0.16602314,0.72,0.1650179,0.2925021397955796,0.56,4,21,3,bxpc3+INS
bxpc3+INS_TAF7,0.07867858,0.875,0.14714186,0.18060297824148264,0.5625,1,15,3,bxpc3+INS
hap1+IFNG_PLEK,0.401456,1.0,0.6611618,5.3669306386171725,0.0,0,2,3,hap1+IFNG
ht29+INS_ELK1,0.0087107485,0.3333333333333333,0.0060789636,0.09837410498301075,0.3333333333333333,0,3,3,ht29+INS
ht29+INS_GRB2,0.0007193645,1.0,0.0060258377,0.1054506897247247,0.0,0,2,3,ht29+INS
ht29+INS_HSF1,4.6937614e-05,1.0,0.0066716564,0.014315871871332382,0.0,0,1,3,ht29+INS
ht29+INS_POLR2G,0.019744499,0.92,0.09826769,0.38799855508160136,0.68,1,24,3,ht29+INS
ht29+INS_SHC1,0.03973729,0.84,0.009062396,0.2393991699703369,0.56,0,25,3,ht29+INS
ht29+INS_TAF7,0.0017175806,1.0,0.005460736,0.004962003119293849,0.5,0,2,3,ht29+INS
ht29+TGFB_ATF2,0.04199515,0.7777777777777778,0.05771699,1.0559936874922289,0.4444444444444444,0,9,3,ht29+TGFB
ht29+TGFB_RBX1,0.05029501,0.76,0.10290017,0.9769129837898562,0.52,0,25,3,ht29+TGFB
ht29+TGFB_RELA,0.08197726,1.0,0.17072134,0.0012778461487675905,1.0,0,2,3,ht29+TGFB
ht29+TNFA_MAP2K3,0.0120361475,0.7777777777777778,0.07160637,0.16814727732964724,0.4444444444444444,0,9,3,ht29+TNFA
ht29+TNFA_RELB,0.012973873,0.5,0.0065699816,0.020199620120821556,0.5,0,4,3,ht29+TNFA
a549+TGFB_CHUK,0.1754427,0.64,0.11320908,0.4272692326103909,0.6,0,25,4,a549+TGFB
a549+TGFB_IKBKB,0.5680228,0.72,0.2608119,0.44104377363860453,0.52,0,25,4,a549+TGFB
a549+TGFB_MAPK14,0.29736847,1.0,0.70152813,0.1518116606679271,1.0,1,0,4,a549+TGFB
a549+TGFB_SKP1,0.28437367,0.84,0.12715797,0.7373361807084262,0.6,0,25,4,a549+TGFB
a549+TGFB_SMURF1,0.7194652,1.0,2.4476888,0.13797450116764515,1.0,0,1,4,a549+TGFB
bxpc3+INS_CHUK,0.5328949,0.48,0.52414924,0.5615663020945465,0.6,3,22,4,bxpc3+INS
bxpc3+INS_GRB10,0.80963975,0.5,0.9354418,1.2873783012339717,0.5,2,4,4,bxpc3+INS
bxpc3+INS_IKBKB,0.21370457,0.84,0.49920222,0.35507533706425426,0.84,3,22,4,bxpc3+INS
bxpc3+TNFA_CHUK,0.09677711,1.0,0.8199789,0.6425277973363136,0.92,0,25,4,bxpc3+TNFA
bxpc3+TNFA_CREB1,0.18191844,0.5,0.34583557,0.08173418886732775,1.0,0,4,4,bxpc3+TNFA
bxpc3+TNFA_DNM1L,0.38447526,0.4,0.30283776,0.9910223916460658,0.56,0,25,4,bxpc3+TNFA
bxpc3+TNFA_IKBKB,0.365516,0.72,0.5326869,0.5816389046585955,0.76,0,25,4,bxpc3+TNFA
bxpc3+TNFA_JUNB,0.044695083,0.44,0.036946632,0.39754888780361625,0.48,0,25,4,bxpc3+TNFA
bxpc3+TNFA_MAP3K14,0.30721816,0.3333333333333333,0.3205104,0.19870931489493524,0.6666666666666666,1,2,4,bxpc3+TNFA
bxpc3+TNFA_MAPK14,0.13244559,0.68,0.21793146,0.34633630214556776,0.6,2,23,4,bxpc3+TNFA
bxpc3+TNFA_NKX3-1,0.54617774,0.0,0.24435435,0.11759960191470982,1.0,1,0,4,bxpc3+TNFA
bxpc3+TNFA_SOX9,0.19015703,0.8,0.25747046,0.6264041776187718,0.68,0,25,4,bxpc3+TNFA
hap1+INS_CHUK,0.08825521,0.8571428571428571,0.080176644,0.0521714807933144,0.8571428571428571,1,6,4,hap1+INS
hap1+INS_IKBKB,0.03614495,0.88,0.057525374,0.43219806633171737,0.52,0,25,4,hap1+INS
ht29+IFNB_BATF2,0.001983277,1.0,0.059467863,2.1048719682586277,0.0,0,1,4,ht29+IFNB
ht29+IFNB_DTX3L,1.9684782,0.0,1.4084507,0.18750792743945127,1.0,0,1,4,ht29+IFNB
ht29+IFNB_IRF1,0.18363383,0.5,0.058522366,0.5408550753489167,0.5,0,4,4,ht29+IFNB
ht29+IFNB_MAPK14,0.16252142,0.68,0.18755956,0.7587890855296072,0.56,1,24,4,ht29+IFNB
ht29+IFNB_SP110,0.067071564,0.64,0.07530878,0.2303475449413154,0.68,0,25,4,ht29+IFNB
k562+TGFB_CHUK,0.40863177,1.0,0.80083066,1.1357837321366473,0.6666666666666666,0,6,4,k562+TGFB
k562+TGFB_IKBKB,0.6575517,0.88,1.1294993,1.7965390636207652,0.64,0,25,4,k562+TGFB
k562+TGFB_MAPK14,0.18459222,1.0,0.6456107,0.6460953192982413,0.7692307692307693,0,13,4,k562+TGFB
k562+TGFB_SKP1,0.48427093,0.92,1.1620907,2.9940584439788314,0.52,0,25,4,k562+TGFB
k562+TGFB_SMURF1,1.5123984,1.0,1.9439545,0.45826782941298244,1.0,0,1,4,k562+TGFB
bxpc3+TGFB_CUL1,0.05215322,1.0,0.21444492,0.1488772911143481,0.6666666666666666,0,3,5,bxpc3+TGFB
bxpc3+TGFB_MAPK1,0.43486792,0.8125,0.6271323,0.5261710326009369,0.875,2,14,5,bxpc3+TGFB
bxpc3+TGFB_PIK3CA,1.4970438,0.0,1.4735019,1.307412987723205,1.0,1,0,5,bxpc3+TGFB
bxpc3+TGFB_RELA,0.007856221,1.0,0.8946701,0.9972322164618359,1.0,0,1,5,bxpc3+TGFB
bxpc3+TGFB_SMAD7,0.19191895,0.8571428571428571,0.2821199,0.7067669405284859,0.5,0,14,5,bxpc3+TGFB
bxpc3+TGFB_TGFBR3,1.812835,0.5,1.1122802,0.20550576054463113,1.0,0,2,5,bxpc3+TGFB
hap1+IFNG_BATF2,0.498453,0.5,0.34853336,0.17082204378112018,1.0,0,2,5,hap1+IFNG
hap1+IFNG_CUL1,0.99031657,0.84,1.3497123,1.3954398971344144,0.64,0,25,5,hap1+IFNG
hap1+IFNG_FMNL2,0.08367294,1.0,1.0653362,3.664333831905054,0.5,0,2,5,hap1+IFNG
hap1+IFNG_PIK3CA,0.19168457,0.92,0.5085284,2.693436087146231,0.24,0,25,5,hap1+IFNG
hap1+IFNG_PLEK,0.569774,0.5,0.6611618,5.3669306386171725,0.0,0,2,5,hap1+IFNG
hap1+IFNG_SOX2,1.2106321,0.88,2.7157629,1.9502428751131915,0.72,0,25,5,hap1+IFNG
hap1+IFNG_STAT1,0.5162792,0.96,1.364089,1.0757407089926303,0.76,12,13,5,hap1+IFNG
hap1+IFNG_ZNF267,0.31149092,0.6,0.372471,1.4552655491079016,0.44,0,25,5,hap1+IFNG
ht29+TNFA_PIK3CA,0.02001041,0.68,0.023276286,0.34918290965351984,0.32,1,24,5,ht29+TNFA
ht29+TNFA_ZNF267,0.04758349,0.68,0.028763225,0.2205784057322728,0.56,1,24,5,ht29+TNFA
k562+INS_DR1,0.07488764,0.88,0.30746555,1.002907837766814,0.6,0,25,5,k562+INS
k562+INS_MAPK1,0.47089794,0.56,0.43873516,1.078147300721757,0.64,9,16,5,k562+INS
k562+INS_PIK3CA,0.025254736,0.9,0.08232494,0.07828840614101515,0.9,2,8,5,k562+INS
k562+INS_TTF2,0.13603382,1.0,0.37241885,1.835948137547038,0.6,0,25,5,k562+INS
k562+TGFB_CUL1,2.3322363,0.84,3.2609038,1.717013683329106,0.72,0,25,5,k562+TGFB
k562+TGFB_MAPK1,0.5283143,0.96,1.176784,1.757792298085559,0.68,0,25,5,k562+TGFB
k562+TGFB_TGFBR3,0.7368717,0.5,1.1966623,0.7813587677605917,1.0,0,2,5,k562+TGFB
mcf7+IFNB_BATF2,0.0080298195,0.9090909090909091,0.01725237,0.22924597564865676,0.36363636363636365,0,11,5,mcf7+IFNB
mcf7+IFNB_ID3,0.07945221,0.96,0.11124028,0.5705735086088098,0.36,0,25,5,mcf7+IFNB
mcf7+IFNB_IFNAR1,0.2151244,0.72,0.26150268,1.0401563088344974,0.36,6,19,5,mcf7+IFNB
mcf7+IFNB_MAP3K14,0.05483234,0.8,0.08478382,0.6393880490282505,0.6,0,25,5,mcf7+IFNB
mcf7+IFNB_RAPGEF1,0.24927469,0.52,0.09290092,0.44232207692474085,0.52,0,25,5,mcf7+IFNB
mcf7+IFNB_STAT1,0.37421006,0.7777777777777778,0.35736945,0.7500826026610474,0.5555555555555556,5,4,5,mcf7+IFNB
mcf7+IFNB_TRIM22,0.031719733,0.92,0.12481144,0.6781952426440786,0.44,0,25,5,mcf7+IFNB
a549+INS_COPS4,0.32790616,0.76,0.27353618,0.6761266007011436,0.56,0,25,6,a549+INS
a549+INS_SP1,0.05503234,1.0,0.29272333,1.017001913290305,0.0,0,1,6,a549+INS
a549+INS_TTF2,0.16248299,0.88,0.54357916,0.6986249894066243,0.56,0,25,6,a549+INS
ht29+IFNB_ADAR,0.1442829,0.64,0.12628923,1.0810938423943548,0.44,0,25,6,ht29+IFNB
ht29+IFNB_IFNAR2,0.10217894,1.0,1.8459482,0.28699553229112346,1.0,0,25,6,ht29+IFNB
ht29+IFNB_TRIM21,0.063664906,0.64,0.083374545,0.7145805471197103,0.56,0,25,6,ht29+IFNB
ht29+TGFB_PPP2CA,0.07907731,0.76,0.07315342,0.5282904642468536,0.52,0,25,6,ht29+TGFB
ht29+TGFB_SP1,0.009226789,1.0,0.035497393,0.3208228861347874,0.5714285714285714,0,7,6,ht29+TGFB
k562+TNFA_BIRC3,0.06407683,1.0,0.47869602,0.014981044309881286,1.0,0,4,6,k562+TNFA
k562+TNFA_TRAF2,0.0631942,0.92,0.12955266,0.9474183236868113,0.6,1,24,6,k562+TNFA
k562+TNFA_TRAF3,0.7210534,0.5294117647058824,0.2807468,0.5095285314078299,0.7647058823529411,8,9,6,k562+TNFA
mcf7+IFNB_ADAR,0.032156736,0.8,0.11391077,0.7021424977573645,0.4,1,24,6,mcf7+IFNB
mcf7+IFNB_IFNAR2,0.053824138,0.8,0.08391377,0.9205697008596503,0.48,0,25,6,mcf7+IFNB
mcf7+IFNB_MAP3K14,0.11575274,0.8,0.08478382,0.6393880490282505,0.6,0,25,6,mcf7+IFNB
mcf7+IFNB_TRIM21,0.1603141,0.76,0.16335063,0.6282686793816503,0.64,1,24,6,mcf7+IFNB
mcf7+IFNB_ZBP1,0.006510301,1.0,0.012221473,0.2969575136350275,0.3333333333333333,0,3,6,mcf7+IFNB
mcf7+IFNG_ATF5,0.016938778,1.0,0.12310912,0.07385011575524307,1.0,0,2,6,mcf7+IFNG
mcf7+IFNG_PLEK,0.033763684,1.0,0.094288364,0.409285864999583,0.5,0,2,6,mcf7+IFNG
mcf7+IFNG_PPARG,0.13842058,0.64,0.2051008,0.43011833278297146,0.56,0,25,6,mcf7+IFNG
a549+IFNG_NFKB1,0.001132224,1.0,0.17106271,0.014079897954265877,1.0,0,1,7,a549+IFNG
a549+IFNG_PTGES3,0.25450668,0.96,0.4927611,0.5161413020914161,0.72,0,25,7,a549+IFNG
a549+IFNG_SOX2,1.0970464,0.72,1.4075513,0.6591895078513318,0.88,0,25,7,a549+IFNG
a549+INS_CHUK,0.17897801,0.9166666666666666,0.14826064,0.5454065881910842,0.5833333333333334,0,12,7,a549+INS
a549+INS_MTOR,0.014008849,1.0,0.16843227,0.035018937802792194,1.0,0,2,7,a549+INS
a549+TNFA_BIRC3,0.71539855,1.0,0.9984473,1.1934965545734233,1.0,0,2,7,a549+TNFA
a549+TNFA_CASP3,0.041109256,0.96,0.15520543,0.46515373438872953,0.76,0,25,7,a549+TNFA
a549+TNFA_CASP8,0.08202317,0.92,0.3004503,1.1267799862870296,0.44,0,25,7,a549+TNFA
a549+TNFA_CHUK,0.12997067,1.0,0.37249646,0.8539174269064469,0.56,0,25,7,a549+TNFA
a549+TNFA_CSF1,0.28197965,0.76,0.11723066,0.41937926608151715,0.68,0,25,7,a549+TNFA
a549+TNFA_MTOR,0.10209983,0.84,0.09155068,0.6554903253342212,0.64,0,25,7,a549+TNFA
a549+TNFA_NFKB1,0.049539767,0.88,0.063175604,0.3284611385330698,0.64,0,25,7,a549+TNFA
hap1+IFNB_CEBPG,0.09922608,0.5,0.034872323,0.0042126414911345285,1.0,0,2,7,hap1+IFNB
hap1+IFNB_CRKL,0.19008031,0.56,0.16521637,1.4476771264098973,0.4,0,25,7,hap1+IFNB
hap1+IFNB_HERC5,0.20497154,0.6666666666666666,0.57789034,0.5537348032725049,0.5,0,6,7,hap1+IFNB
hap1+IFNB_ID1,0.033756975,0.72,0.069476224,0.5803164748078924,0.48,0,25,7,hap1+IFNB
hap1+IFNB_NFKB1,0.059345685,0.92,0.1759963,0.5608340945718304,0.36,0,25,7,hap1+IFNB
hap1+INS_CHUK,0.099561766,0.8571428571428571,0.080176644,0.0521714807933144,0.8571428571428571,1,6,7,hap1+INS
hap1+INS_IRS4,0.0016558362,1.0,0.010892659,0.054557390762590044,0.5,0,2,7,hap1+INS
hap1+INS_MTOR,0.07303971,0.88,0.13492924,1.0948150707120614,0.4,0,25,7,hap1+INS
k562+IFNB_CEBPG,0.05494067,0.92,0.26256484,0.8014285139669775,0.64,0,25,7,k562+IFNB
k562+IFNB_CRKL,0.05196853,1.0,0.39042377,0.0005847092796899937,1.0,0,1,7,k562+IFNB
k562+IFNB_HERC5,0.1270011,0.8666666666666667,0.19750966,1.2580807063782826,0.4666666666666667,0,15,7,k562+IFNB
k562+IFNB_ID1,0.2751276,1.0,0.6459136,3.634620123903137,0.4,0,25,7,k562+IFNB
k562+IFNB_NFKB1,0.12867971,0.92,0.33795616,1.3934280641669057,0.56,0,25,7,k562+IFNB
k562+IFNB_ZBP1,0.018123189,1.0,0.28593957,1.5685344612418355,0.6666666666666666,0,3,7,k562+IFNB
a549+TNFA_CASP10,0.3174175,0.88,0.54649866,0.9706851579764161,0.68,0,25,8,a549+TNFA
a549+TNFA_CEBPB,0.33741006,0.8,0.58406085,0.5684880917771065,0.84,0,25,8,a549+TNFA
a549+TNFA_ITCH,0.16774459,0.76,0.14765887,0.7152753373308908,0.68,0,25,8,a549+TNFA
a549+TNFA_PTGS2,0.37097746,1.0,1.620753,2.183506756380462,1.0,0,2,8,a549+TNFA
a549+TNFA_TRAF1,0.067729205,0.6818181818181818,0.058409702,0.7353188236332842,0.5909090909090909,0,22,8,a549+TNFA
bxpc3+IFNG_CEBPB,0.15020618,0.76,0.26931986,0.17392177522336566,0.84,0,25,8,bxpc3+IFNG
bxpc3+IFNG_IRF7,0.021855779,1.0,0.07684223,0.25719533649403575,0.72,1,24,8,bxpc3+IFNG
bxpc3+IFNG_KIN,1.2637535,0.92,1.8601171,1.6776160407570608,0.68,0,25,8,bxpc3+IFNG
bxpc3+IFNG_RFX5,0.08497742,0.96,0.19658402,0.3895420730216466,0.68,1,24,8,bxpc3+IFNG
bxpc3+INS_DR1,0.11920817,0.88,0.3376169,0.14264230359548719,0.68,1,24,8,bxpc3+INS
bxpc3+INS_FOXO1,0.02812793,0.7777777777777778,0.17571388,0.05957657921708305,0.6666666666666666,2,16,8,bxpc3+INS
bxpc3+INS_GRB10,0.88286614,0.6666666666666666,0.9354418,1.2873783012339717,0.5,2,4,8,bxpc3+INS
bxpc3+INS_INSR,0.13975228,0.8461538461538461,0.26761493,0.15402921682252124,0.6153846153846154,1,12,8,bxpc3+INS
bxpc3+INS_PTEN,0.15077063,0.44,0.13246776,0.1268662295107945,0.68,1,24,8,bxpc3+INS
bxpc3+INS_SREBF2,0.1456495,1.0,0.19686252,0.06376119934238719,0.7777777777777778,3,6,8,bxpc3+INS
hap1+IFNG_CEBPB,0.50788206,0.6666666666666666,0.55268544,2.1693920275265803,0.3333333333333333,0,6,8,hap1+IFNG
hap1+IFNG_KIN,0.5530452,0.92,1.518572,1.7894377832211643,0.68,0,25,8,hap1+IFNG
hap1+IFNG_RFX5,0.31152087,0.72,0.54189444,2.541052557854486,0.24,0,25,8,hap1+IFNG
hap1+INS_DR1,0.091234885,0.92,0.16233109,1.1771199767857738,0.64,0,25,8,hap1+INS
hap1+INS_FOXO1,0.00032954887,1.0,0.021654556,9.467991710222665e-05,1.0,0,1,8,hap1+INS
hap1+INS_PTEN,2.5519943,1.0,2.6290002,0.14582408738533104,1.0,0,1,8,hap1+INS
hap1+INS_SREBF2,8.336529e-05,1.0,0.011266213,0.0013255279410461624,1.0,0,1,8,hap1+INS
k562+INS_DR1,0.062588066,0.96,0.30746555,1.002907837766814,0.6,0,25,8,k562+INS
k562+INS_FOXO1,0.05501736,0.8888888888888888,0.0796327,0.12203203991657868,0.5555555555555556,4,5,8,k562+INS
k562+INS_GRB10,0.37798908,0.7333333333333333,0.4101934,0.37545288608456584,0.6,10,5,8,k562+INS
k562+INS_INSR,0.006046856,1.0,0.15955684,0.05712901147363347,1.0,0,3,8,k562+INS
k562+INS_PTEN,0.46879703,0.72,0.42080608,1.320735178536697,0.64,13,12,8,k562+INS
k562+INS_SREBF2,0.028170535,0.8333333333333334,0.11481417,0.10226761324286526,0.5,3,3,8,k562+INS
a549+TNFA_CREB1,0.010560661,1.0,0.032133218,0.2604652116690101,0.6666666666666666,0,3,9,a549+TNFA
a549+TNFA_ITCH,0.09071017,0.72,0.14765887,0.7152753373308908,0.68,0,25,9,a549+TNFA
bxpc3+IFNB_AKT1,0.001486467,1.0,0.4008464,0.12773028530827685,0.6,0,5,9,bxpc3+IFNB
bxpc3+IFNB_BRD9,0.30474883,0.7857142857142857,0.39017206,0.30980609196333797,0.5714285714285714,4,10,9,bxpc3+IFNB
bxpc3+IFNB_HES4,0.054846436,0.6666666666666666,0.3040918,0.5263779004784125,0.5555555555555556,2,7,9,bxpc3+IFNB
bxpc3+IFNB_MAPK8,0.02541638,0.7857142857142857,0.14802359,0.1465666062557101,0.7142857142857143,0,14,9,bxpc3+IFNB
bxpc3+IFNB_NFE2L3,0.06546067,0.8421052631578947,0.16509755,0.06596168639157375,0.7368421052631579,1,18,9,bxpc3+IFNB
bxpc3+IFNB_STAT4,0.014056884,0.8571428571428571,0.29114422,0.034737534436568324,0.8571428571428571,0,7,9,bxpc3+IFNB
bxpc3+IFNB_STAT6,0.28836623,0.92,0.51558286,0.429881324670234,0.76,0,25,9,bxpc3+IFNB
bxpc3+IFNB_UBA7,0.1271607,0.88,0.27288067,0.36449135319532533,0.48,3,22,9,bxpc3+IFNB
bxpc3+TGFB_RBL1,0.4720568,0.88,0.46148223,0.8742611417620791,0.44,0,25,9,bxpc3+TGFB
bxpc3+TGFB_SMURF1,0.7065838,0.4,0.6161399,0.30691143148055355,0.8,1,4,9,bxpc3+TGFB
hap1+IFNG_TAPBPL,0.69205993,0.6,0.6445504,1.0509434716856816,0.6,0,25,9,hap1+IFNG
hap1+TNFA_CREB1,0.06408773,0.8695652173913043,0.06275759,0.4033003367587821,0.5652173913043478,1,22,9,hap1+TNFA
hap1+TNFA_ITCH,0.13430522,0.8,0.14860752,0.5057843740301651,0.6,0,25,9,hap1+TNFA
hap1+TNFA_NFKBIA,0.45526025,1.0,1.5113685,1.9371822048967622,0.0,0,1,9,hap1+TNFA
ht29+TNFA_CREB1,0.004498817,0.7142857142857143,0.0034576303,0.0819969816621422,0.2857142857142857,0,7,9,ht29+TNFA
ht29+TNFA_FADD,0.26680207,0.72,0.27063996,0.3297563820066014,0.52,6,19,9,ht29+TNFA
ht29+TNFA_ITCH,0.03301228,0.76,0.026989562,0.44208696542862214,0.6,0,25,9,ht29+TNFA
ht29+TNFA_NFKBIA,0.11824407,1.0,1.0433582,0.5340643982312212,1.0,0,1,9,ht29+TNFA
